{
	"width": 640,
	"height": 480,
	"eye_dist_mm": 55.0000000770991,
	"focal_f": 319.999998923494,
	"cx": 305.015158296583,
	"cy": 225.67433788118,
	"k1": -0.3734953863091,
	"k2": -0.0584270822245442,
	"a": 319.999998923494,
	"b": 0,
	"c": -119.518523216842,
	"d": -18.696666248957,
	"base_yaw": 6.23248488404917,
	"base_pitch": 0.0417387715734385,
	"base_roll": 8.79143343150385,
	"toe_out": 24.6513352694387,
	"left_yaw": -17.8056732989132,
	"left_pitch": 0.820154159813353,
	"left_roll": 7.56477677507492,
	"right_yaw": 30.2706430670115,
	"right_pitch": -0.736676616666476,
	"right_roll": 10.0180900879328
}